PassengerId,Survived,Pclass,Name,Sex,Age,SibSp,Parch,Ticket,Fare,Cabin,Embarked
1,1,2,"Williams, Mrs. Mary",female,30.44398142734432,0,0,61750,4.2436,,S
2,1,3,"Brown, Mrs. Elizabeth",female,3.978054318979371,1,0,54379,19.5321,,Q
3,0,3,"Johnson, Mr. Frank",male,20.320915521286658,0,0,62682,7.5921,,S
4,0,3,"Miller, Miss. Elizabeth",female,26.89664187904158,1,0,74713,15.096,,S
5,0,1,"Davis, Mr. Frank",male,,0,1,66919,123.2724,F14,S
6,0,1,"Taylor, Mr. Henry",male,59.86115675417594,1,0,70384,20.6514,F130,C
7,1,1,"Jones, Mrs. Elizabeth",female,38.44805808692073,0,1,61128,63.5092,,S
8,0,3,"Miller, Mr. John",male,,0,0,11835,11.7726,,S
9,0,3,"Williams, Mr. Thomas",male,9.19441696064098,0,0,31283,9.821,,S
10,0,3,"Davis, Mr. George",male,34.3123349661217,0,0,59506,2.1509,,S
11,1,1,"Wilson, Mr. Charles",male,66.18742146537272,1,0,63625,53.0671,A8,C
12,1,3,"Anderson, Mr. Charles",male,15.970777151763581,1,0,45963,10.9684,,S
13,1,3,"Wilson, Mr. Charles",male,7.398577712611875,0,0,19179,3.8429,,S
14,0,1,"Baker, Mr. George",male,,0,0,21955,11.81,,Q
15,1,1,"Williams, Miss. Florence",female,,0,0,17198,34.1816,A79,S
16,1,1,"Johnson, Mrs. Emily",female,24.397403460850878,1,1,77156,99.7178,D10,S
17,0,2,"Taylor, Mr. George",male,48.4908082020806,0,2,54588,6.1698,,S
18,1,3,"Miller, Mr. James",male,,0,0,21766,9.1186,,C
19,0,2,"Nelson, Mr. Thomas",male,42.72515466016334,0,2,63570,4.3914,,C
20,0,2,"Wilson, Mr. John",male,,0,0,79874,16.311,,Q
21,1,3,"Miller, Mr. John",male,15.637610450590447,0,0,58679,13.9651,,S
22,1,1,"Hill, Mr. Frank",male,48.065346349310936,0,1,15301,141.5061,A22,S
23,0,2,"Johnson, Mr. James",male,36.792683368454846,0,0,25144,7.5192,,S
24,0,2,"Smith, Mr. Frank",male,35.43917687155289,4,0,23784,9.216,,C
25,0,3,"Smith, Mr. John",male,35.71544644130523,0,0,77959,1.8205,,S
26,0,3,"Clark, Mr. Henry",male,46.955442420593045,0,1,18272,14.7504,,S
27,1,1,"Hill, Mrs. Margaret",female,33.4824822562101,0,1,11573,58.8356,C52,S
28,1,3,"Hill, Mrs. Elizabeth",female,33.547865914961946,1,0,34419,11.3672,,S
29,1,3,"Clark, Mr. Frank",male,52.379822038466116,0,0,92339,9.2479,,S
30,1,1,"Jones, Miss. Alice",female,45.78722013160924,0,0,58555,51.7469,B130,C
31,0,3,"Brown, Mr. Charles",male,6.579517029611683,0,0,15176,0.8768,,S
32,1,1,"Davis, Miss. Alice",female,,0,0,46161,47.1396,F48,S
33,1,1,"Miller, Miss. Mary",female,28.990744774678,0,1,73440,47.2055,E42,S
34,0,3,"Anderson, Mr. Charles",male,,1,0,68862,10.6818,,S
35,1,3,"Johnson, Mr. Henry",male,20.532171364744926,1,0,25164,11.75,,S
36,1,3,"Davis, Mr. James",male,30.247758244467526,0,0,87758,9.4409,,S
37,0,2,"Baker, Mr. William",male,41.539520536359866,0,0,35379,15.4619,,S
38,1,1,"Miller, Mr. George",male,,2,2,93552,50.0962,A76,Q
39,0,3,"Davis, Mr. Thomas",male,27.66747826961025,0,0,28368,20.7487,,S
40,0,2,"Wilson, Mr. Frank",male,32.99091986948822,1,0,99041,19.7299,,S
41,1,1,"Johnson, Mrs. Alice",female,,0,0,42771,47.2976,D54,S
42,0,3,"Brown, Miss. Alice",female,16.876058338497625,2,0,74950,9.5843,,C
43,0,1,"Clark, Mr. James",male,,1,0,50245,31.9503,D7,S
44,0,3,"Johnson, Mr. Thomas",male,34.96230174235132,2,0,82792,2.6928,,C
45,1,2,"Clark, Mr. James",male,21.97570857489,0,0,53327,23.7698,,C
46,0,3,"Clark, Mr. Charles",male,,0,0,56454,12.1149,,Q
47,1,2,"Brown, Miss. Margaret",female,15.697994971367967,2,0,56741,5.4353,,C
48,0,3,"Miller, Mr. James",male,10.863509591483432,0,0,41977,12.2371,,S
49,0,3,"Jones, Mr. James",male,,0,2,16714,13.3244,,C
50,0,1,"Taylor, Mr. John",male,49.420320975550155,1,0,87237,101.0228,B50,Q
51,0,3,"Miller, Mr. George",male,33.82746396694896,1,0,24891,10.4151,,Q
52,0,3,"Williams, Mrs. Emily",female,46.38158690525272,2,0,62299,13.1432,,S
53,1,3,"Brown, Miss. Alice",female,5.120521507866712,0,0,75167,6.1961,,S
54,0,3,"Smith, Mr. Henry",male,18.70662236484818,1,0,75124,29.4315,,S
55,0,3,"Davis, Mr. John",male,16.17635847181657,1,0,68639,1.7013,,S
56,1,3,"Moore, Mr. Henry",male,33.65775188508812,0,0,50912,20.0811,,C
57,0,1,"Johnson, Miss. Anna",female,44.87364932293552,0,0,85452,48.5044,D84,Q
58,1,1,"Nelson, Mrs. Mary",female,,0,0,78446,121.5992,B113,S
59,0,1,"Brown, Mr. James",male,47.28033776134378,0,1,93790,71.9625,A124,C
60,1,2,"Moore, Mr. William",male,,4,0,71516,49.8293,E45,S
61,0,2,"Taylor, Mrs. Elizabeth",female,25.35862038951408,0,0,54250,35.7788,F22,S
62,0,2,"Moore, Mr. John",male,,1,0,46116,4.3191,,S
63,1,3,"Anderson, Miss. Anna",female,14.837788406495624,3,0,93521,7.8808,,S
64,0,2,"Anderson, Mr. William",male,36.50865437795573,0,0,32151,23.8187,D101,C
65,0,2,"Anderson, Mr. William",male,30.64705793335248,1,1,81366,12.9033,,S
66,1,3,"Hill, Mr. Thomas",male,24.53176576746947,0,0,54297,8.9577,,S
67,0,1,"Brown, Mr. Thomas",male,55.335963000070905,1,1,50888,56.5131,,S
68,0,3,"Wilson, Mr. Thomas",male,0.6903055226634791,0,0,66195,15.2383,,S
69,1,1,"Brown, Mrs. Kate",female,42.3236621763855,2,0,94010,73.6004,D1,C
70,0,3,"Taylor, Mr. George",male,47.93702904567668,0,0,81016,16.0822,,S
71,0,3,"Davis, Mr. William",male,9.634533147970398,0,2,84979,6.0011,,S
72,1,1,"Jones, Mr. Henry",male,,1,0,64334,182.2173,,C
73,0,1,"Wilson, Mr. Frank",male,,0,0,78345,59.6591,D135,S
74,0,3,"Brown, Mr. James",male,,0,0,49761,5.4396,,C
75,0,3,"Taylor, Mr. Charles",male,27.216525697373,0,0,36930,22.3675,,S
76,0,3,"Miller, Miss. Alice",female,36.25498645012786,1,0,69117,1.7636,,S
77,1,3,"Clark, Mr. James",male,25.149991862887003,0,2,33095,8.6325,,Q
78,1,1,"Moore, Mr. William",male,47.424538917779415,0,3,87482,94.278,,C
79,1,2,"Davis, Mr. George",male,38.021077344497066,0,0,13991,45.6254,,S
80,1,1,"Anderson, Mrs. Anna",female,,0,2,33519,86.2748,C69,S
81,1,3,"Anderson, Miss. Mary",female,22.92637915124243,0,0,36657,5.901,,Q
82,0,3,"Anderson, Miss. Elizabeth",female,,0,0,10826,1.774,,S
83,0,2,"Jones, Mr. William",male,33.39625690604013,0,0,52625,5.3942,E55,S
84,0,1,"Jones, Mr. William",male,46.240097661888534,0,0,92049,427.338,A104,S
85,1,2,"Williams, Mr. Thomas",male,31.864050075449263,0,3,27801,18.567,,S
86,1,2,"Moore, Mr. George",male,,1,0,39846,44.3753,,S
87,0,3,"Hill, Mr. John",male,32.238970006856725,0,0,49566,20.9361,,C
88,1,3,"Clark, Mr. William",male,28.57790159188631,0,0,33157,6.645,,S
89,0,3,"Wilson, Mr. Charles",male,32.66392202371723,0,0,38363,2.872,,C
90,0,3,"Clark, Mr. George",male,37.697419901045805,0,0,60559,11.7666,,S
91,1,1,"Taylor, Miss. Elizabeth",female,36.123759666579154,1,3,15136,47.4332,E144,S
92,0,3,"Johnson, Mr. George",male,26.777073037579314,0,1,67937,17.1376,,S
93,0,3,"Jones, Mr. George",male,14.427179960064493,0,1,27421,7.8451,,S
94,1,3,"Nelson, Miss. Florence",female,16.45335083621139,0,0,88027,462.0153,,S
95,0,3,"Williams, Mr. Henry",male,39.24081544212797,1,0,17546,7.4344,,S
96,1,3,"Miller, Mrs. Elizabeth",female,,0,0,81439,22.7754,,C
97,0,3,"Smith, Mr. John",male,22.14267476425535,0,0,56623,9.5198,,S
98,0,2,"Davis, Mr. Frank",male,27.97332368682332,0,0,26406,9.8897,,S
99,0,1,"Clark, Miss. Kate",female,48.1133390095888,3,0,90485,87.6312,F129,Q
100,1,1,"Taylor, Miss. Elizabeth",female,32.78033587071526,0,0,19825,56.7639,A127,Q
101,1,1,"Nelson, Mrs. Anna",female,62.17749391726767,0,0,81823,116.2407,,S
102,0,3,"Nelson, Mr. James",male,48.29460923756499,1,0,44173,6.7803,,S
103,1,2,"Davis, Mr. William",male,48.830489988608036,1,0,65619,23.6387,,C
104,0,3,"Brown, Mr. James",male,20.463905211781395,0,0,93114,1.8115,,C
105,0,3,"Johnson, Mr. Charles",male,27.777351070306867,1,2,17923,10.4953,,S
106,1,2,"Clark, Mrs. Alice",female,24.62495290539741,1,0,44374,54.5525,,S
107,0,2,"Smith, Mr. William",male,33.38364658557752,0,1,71713,7.9714,,C
108,1,3,"Smith, Miss. Alice",female,14.524466914555596,0,0,51411,5.7033,,Q
109,1,1,"Nelson, Mr. Frank",male,30.273985957505744,0,0,74368,164.3212,,C
110,1,1,"Brown, Mr. William",male,73.81478999935553,3,0,18316,35.7882,A44,S
111,0,2,"Moore, Mr. Charles",male,29.367519429584135,1,1,20556,20.6689,,S
112,1,1,"Jones, Mrs. Mary",female,40.583718244758515,0,1,20058,62.5886,F10,S
113,0,3,"Clark, Mrs. Elizabeth",female,39.04238451035924,1,0,35482,4.4207,,S
114,0,3,"Baker, Miss. Mary",female,,0,0,54494,1.0194,,S
115,0,3,"Smith, Mrs. Alice",female,25.955174348512436,0,0,35005,12.4794,,S
116,0,3,"Wilson, Miss. Florence",female,31.648693253390885,0,0,94671,1.123,,S
117,1,3,"Taylor, Miss. Anna",female,14.659563156924902,0,2,99424,8.1822,,S
118,0,1,"Williams, Mr. Henry",male,,1,0,42481,73.6627,,C
119,0,3,"Baker, Mr. Frank",male,0.42,0,0,38401,6.3608,,C
120,1,3,"Brown, Mr. Thomas",male,,1,0,50431,2.117,,Q
121,1,3,"Anderson, Mrs. Mary",female,6.262081330697686,0,0,74459,11.4878,,C
122,1,3,"Anderson, Mrs. Margaret",female,43.04103794114799,0,0,88682,4.3668,,S
123,0,2,"Moore, Mr. Henry",male,11.15461214391911,3,0,86789,9.7961,,S
124,1,1,"Miller, Miss. Mary",female,31.654807309418146,0,0,58504,39.1541,,S
125,1,1,"Taylor, Mrs. Mary",female,,0,0,13223,78.1348,A13,S
126,0,2,"Wilson, Mr. George",male,32.694475282186275,0,0,80977,18.411,,C
127,0,3,"Moore, Mr. Frank",male,,1,1,50149,12.5952,,S
128,1,3,"Taylor, Miss. Kate",female,,0,0,22863,5.1606,,S
129,0,1,"Anderson, Mr. John",male,22.016352402130927,0,0,39564,48.5468,C81,S
130,1,3,"Wilson, Miss. Alice",female,29.056281773220498,0,0,92189,4.3662,,S
131,0,2,"Johnson, Mr. Thomas",male,26.468483565761307,0,0,99624,11.3894,E117,S
132,0,1,"Nelson, Mrs. Margaret",female,,1,0,32499,36.7587,E42,S
133,1,1,"Miller, Miss. Florence",female,36.84247039820221,0,0,99218,74.509,C60,S
134,1,2,"Hill, Mrs. Emily",female,,0,0,42132,51.6639,D49,S
135,1,3,"Wilson, Mr. William",male,11.159793872848487,0,3,14533,2.9768,,C
136,1,2,"Taylor, Miss. Kate",female,40.548155208390696,0,0,92962,18.192,D42,S
137,1,3,"Miller, Mrs. Margaret",female,29.06263451543097,2,0,90096,6.5405,,S
138,0,3,"Johnson, Mr. James",male,,0,0,44409,19.7804,,S
139,0,2,"Clark, Miss. Anna",female,49.99311493936319,4,0,91461,8.5892,,S
140,0,3,"Anderson, Mr. Charles",male,,0,0,32987,9.2465,,S
141,0,3,"Moore, Mr. William",male,38.20985678107127,0,1,20633,9.9047,,S
142,1,2,"Wilson, Mr. Thomas",male,43.229599068965534,1,0,66207,14.2457,,C
143,1,3,"Moore, Mr. John",male,31.384074385863318,0,0,60535,5.9103,,S
144,0,2,"Davis, Mr. Charles",male,,1,0,13996,19.6874,,S
145,1,2,"Taylor, Mrs. Kate",female,34.42765981320646,4,0,10014,20.7441,E110,S
146,1,1,"Johnson, Mr. William",male,59.605409395810646,0,0,90431,68.3381,,S
147,0,3,"Wilson, Mrs. Anna",female,10.817510494950387,0,0,11674,4.8587,,S
148,1,3,"Nelson, Mr. John",male,30.393686953987682,1,0,47867,23.9637,,S
149,1,1,"Miller, Mr. Thomas",male,39.972407456756855,0,0,95537,89.0565,F16,S
150,0,2,"Johnson, Mr. John",male,27.01792032711564,0,0,67251,26.6755,F86,S
151,1,3,"Smith, Miss. Kate",female,20.66244679967217,0,3,65709,2.3223,,C
152,0,1,"Miller, Mr. William",male,35.93356379181864,0,0,27864,27.0697,A42,C
153,1,1,"Moore, Mr. William",male,,1,1,36321,60.0595,E20,C
154,0,3,"Wilson, Mrs. Margaret",female,13.212357035472225,0,1,34082,7.5234,,S
155,0,3,"Taylor, Mr. Henry",male,38.462294274765654,0,0,50131,8.1748,,S
156,0,2,"Jones, Mr. Frank",male,44.616593678316534,0,0,81493,11.3906,,S
157,0,3,"Baker, Mr. Henry",male,,0,0,14210,12.0246,,S
158,1,3,"Wilson, Miss. Elizabeth",female,14.151180523167996,0,0,74586,3.01,,S
159,1,1,"Williams, Mr. Thomas",male,37.614791329291094,1,0,93605,104.316,A9,
160,1,3,"Smith, Miss. Alice",female,28.09571177465417,0,1,44851,16.7933,,S
161,0,2,"Anderson, Mr. Henry",male,27.733394647263133,1,2,36865,7.5861,,C
162,1,3,"Moore, Miss. Anna",female,30.70201295794458,1,0,93606,2.5083,,S
163,1,3,"Baker, Mrs. Florence",female,24.971153908973754,0,0,14158,10.9895,,S
164,0,3,"Nelson, Mrs. Mary",female,17.928740178528326,0,0,67852,3.6003,,S
165,0,1,"Nelson, Mr. Charles",male,24.022603851363918,0,1,59339,71.2195,D60,S
166,0,3,"Taylor, Mrs. Margaret",female,35.01701591589858,0,0,30572,7.2082,,S
167,0,2,"Williams, Mr. Frank",male,9.114497690397169,1,0,14100,42.0434,E130,S
168,0,1,"Johnson, Mr. James",male,55.17706513438031,1,0,54469,16.2338,D126,S
169,1,1,"Baker, Mr. Frank",male,36.59784292928066,0,0,91061,65.6057,,S
170,0,3,"Williams, Miss. Kate",female,31.888854650728014,0,2,70861,19.5283,,S
171,1,3,"Brown, Miss. Anna",female,41.79513574174952,2,0,28456,9.101,,S
172,1,1,"Davis, Mrs. Kate",female,26.42367504344196,3,0,65803,116.9265,C88,S
173,0,3,"Taylor, Mr. John",male,8.610110135014732,0,2,75633,7.6339,,S
174,1,1,"Nelson, Mr. John",male,43.14311709542649,0,0,85019,21.8977,A131,C
175,1,3,"Miller, Mrs. Alice",female,,0,0,46232,7.4073,,S
176,0,1,"Nelson, Mr. John",male,26.755494690475174,2,0,77323,48.7824,,S
177,0,3,"Hill, Mr. John",male,33.472946965781574,0,0,31788,16.2811,,Q
178,0,2,"Baker, Mr. Frank",male,18.08950509874385,0,0,26092,21.191,,S
179,0,3,"Anderson, Mr. Charles",male,12.683569508009295,0,0,11132,6.6379,,S
180,0,1,"Williams, Mr. Charles",male,27.539036491930474,0,0,87850,53.4494,,S
181,1,2,"Wilson, Mr. Frank",male,20.695120141560228,0,0,98118,10.2961,,C
182,0,1,"Baker, Mr. Frank",male,50.3766355490547,4,1,23068,31.4866,C119,S
183,1,3,"Hill, Mr. Frank",male,,0,1,57401,7.2789,,S
184,1,3,"Jones, Mrs. Margaret",female,44.0869848714142,0,0,58526,3.7935,,Q
185,1,2,"Johnson, Mr. Henry",male,,0,0,68958,8.9926,E147,C
186,0,3,"Nelson, Mr. John",male,23.356054126690502,0,0,86593,12.0969,,S
187,1,3,"Smith, Mrs. Kate",female,18.767243538086483,0,0,65041,19.2938,,C
188,1,3,"Williams, Mr. Thomas",male,20.90910547184704,0,1,73372,2.7728,,S
189,0,3,"Taylor, Miss. Margaret",female,,0,0,77562,3.291,,S
190,1,2,"Johnson, Miss. Margaret",female,36.26923638484854,0,0,74046,11.1694,,S
191,1,1,"Johnson, Mr. James",male,42.10981105033281,0,0,78086,25.6216,E46,S
192,0,3,"Taylor, Mr. Henry",male,23.012423076188412,0,0,17089,5.1343,,S
193,1,3,"Williams, Mrs. Elizabeth",female,25.9429243566298,3,0,26623,398.3711,,C
194,1,3,"Baker, Miss. Margaret",female,0.42,2,0,59641,17.9863,,S
195,1,2,"Miller, Mr. Frank",male,30.493191860818825,0,3,22043,6.6621,,S
196,0,2,"Baker, Mr. James",male,38.8832769065439,0,1,76572,13.5726,E140,S
197,1,3,"Wilson, Mr. John",male,,1,0,74136,1.4777,,Q
198,1,3,"Williams, Miss. Mary",female,,0,0,98052,3.2123,,C
199,1,3,"Davis, Mr. Charles",male,3.4732900255853174,1,2,96700,13.8106,,S
200,1,3,"Moore, Miss. Florence",female,,2,0,67061,8.1528,,Q
201,0,3,"Jones, Mr. Charles",male,16.491748508434114,0,0,16122,9.9318,,S
202,1,1,"Williams, Mr. George",male,38.8635178978716,0,0,57346,47.3052,,S
203,0,1,"Davis, Mr. Charles",male,44.00343100462802,3,1,26150,83.7432,F130,C
204,1,3,"Nelson, Mr. John",male,27.133001275216376,0,0,97630,10.7331,,S
205,0,3,"Smith, Mr. John",male,29.805776638075944,0,0,87228,14.1149,,Q
206,0,1,"Nelson, Mr. James",male,32.861610252833486,0,1,22054,68.0423,D133,S
207,1,1,"Wilson, Mr. Charles",male,26.413736910917926,0,2,11767,45.5574,B145,S
208,1,3,"Taylor, Mrs. Emily",female,,1,2,14708,17.2857,,C
209,1,1,"Williams, Mr. John",male,,1,0,67999,98.7203,F107,S
210,0,1,"Davis, Mr. Thomas",male,0.42,4,0,62158,170.2036,F136,S
211,1,3,"Baker, Miss. Florence",female,,0,0,39292,21.6985,,S
212,1,3,"Brown, Miss. Alice",female,12.711656909363445,0,0,38082,11.491,,S
213,0,3,"Brown, Miss. Kate",female,21.642275891475926,0,0,44024,14.9713,,S
214,1,1,"Taylor, Mrs. Emily",female,23.863770134060875,0,0,33461,86.0126,,Q
215,0,3,"Clark, Mr. Frank",male,31.071586641470383,0,1,15351,4.4577,,C
216,0,1,"Davis, Mr. James",male,66.80493657596378,3,0,57031,102.2268,,S
217,1,2,"Wilson, Miss. Margaret",female,,1,0,92628,23.0897,,S
218,1,3,"Johnson, Mrs. Anna",female,39.286583132123155,0,0,49718,6.6762,,S
219,0,3,"Wilson, Mr. Frank",male,27.55088836758658,0,0,22777,3.5319,,S
220,1,3,"Nelson, Mrs. Anna",female,,0,0,99856,38.4918,,C
221,1,3,"Anderson, Mr. Henry",male,38.27080509228771,0,0,18308,9.5112,,Q
222,0,3,"Taylor, Mr. William",male,18.23263014330108,1,0,53441,9.5966,,S
223,1,1,"Hill, Mr. Thomas",male,31.241590689451545,0,0,90865,135.763,A120,S
224,0,2,"Wilson, Mr. William",male,,4,0,23882,18.9721,,S
225,0,2,"Brown, Mr. William",male,26.363117809554154,0,0,14714,30.8577,E144,S
226,1,2,"Baker, Mr. Frank",male,40.27483464867225,0,1,53432,27.9388,,S
227,1,3,"Smith, Mrs. Margaret",female,6.076042213708035,1,0,91289,17.6001,,S
228,0,2,"Hill, Mr. Henry",male,,0,0,90166,14.8438,,S
229,0,3,"Anderson, Mr. James",male,24.112325636867464,0,1,27658,6.6785,,C
230,1,3,"Miller, Miss. Mary",female,24.09201274809004,0,0,79245,17.8292,,S
231,1,3,"Moore, Miss. Florence",female,,0,3,87027,20.1353,,C
232,1,3,"Baker, Mrs. Emily",female,8.368144691212024,1,1,60808,6.5877,,C
233,0,3,"Clark, Mrs. Elizabeth",female,31.067070902030494,0,0,49530,3.5979,,S
234,1,3,"Taylor, Miss. Kate",female,,1,3,18834,8.2642,,S
235,0,1,"Wilson, Mr. William",male,42.18254071711961,0,0,24358,44.0931,E55,S
236,1,3,"Jones, Mr. Henry",male,,0,0,19872,7.6106,,S
237,0,2,"Hill, Mr. John",male,12.808046562333587,1,0,68694,17.6743,,C
238,0,1,"Williams, Mr. Frank",male,54.07823992875457,0,0,97193,107.6408,B119,S
239,0,3,"Smith, Mr. Henry",male,27.34578077863949,0,2,60321,8.0642,,S
240,1,1,"Miller, Mrs. Mary",female,17.864108303556865,0,0,83709,26.5241,A85,S
241,1,3,"Miller, Mr. John",male,30.23170467400055,0,0,26685,15.4952,,C
242,0,3,"Smith, Mr. Thomas",male,0.42,0,0,21333,20.6872,,S
243,1,3,"Anderson, Mr. William",male,33.184833880751576,0,0,21356,6.5238,,S
244,1,2,"Baker, Mrs. Margaret",female,31.116609081813294,0,0,50584,31.3441,,S
245,0,1,"Wilson, Mr. John",male,,0,0,61362,64.9176,,C
246,1,3,"Clark, Miss. Florence",female,49.56234634863469,3,1,21344,6.0749,,S
247,0,2,"Jones, Mr. Frank",male,18.931716354615922,0,0,54619,47.4059,,S
248,0,3,"Moore, Mr. Henry",male,20.16308813121963,1,1,91331,5.9182,,S
249,0,3,"Miller, Mr. Henry",male,48.89863962645681,0,0,11943,5.5992,,S
250,1,3,"Williams, Mrs. Kate",female,15.015264341801721,0,1,70217,18.727,,S
251,1,2,"Miller, Mr. Frank",male,,1,0,31021,17.565,,S
252,1,2,"Williams, Mrs. Alice",female,,0,0,18348,16.6201,,S
253,0,3,"Anderson, Mr. Henry",male,35.08881378555459,1,0,87286,4.7321,,S
254,1,2,"Smith, Mr. Henry",male,35.46122837587394,0,1,80921,52.7405,,S
255,1,1,"Wilson, Mrs. Alice",female,24.628283889109056,0,0,26639,69.6494,D7,S
256,1,3,"Johnson, Mrs. Alice",female,18.613977242473727,0,2,95030,3.0088,,S
257,1,3,"Moore, Mrs. Emily",female,17.711746801453465,0,0,74566,0.7479,,S
258,1,3,"Davis, Mrs. Alice",female,,1,0,52011,7.1281,,Q
259,1,3,"Moore, Mrs. Emily",female,,0,0,28640,10.0858,,S
260,1,1,"Baker, Mrs. Elizabeth",female,57.771087775816014,3,2,45402,59.1059,F19,S
261,0,3,"Nelson, Miss. Alice",female,3.687858951419173,2,0,75088,21.7259,,S
262,1,3,"Hill, Mrs. Kate",female,37.767291850730274,0,1,70240,1.8595,,S
263,1,1,"Moore, Mrs. Mary",female,,0,1,11891,39.7045,,S
264,0,3,"Moore, Mr. Charles",male,41.61438457112688,1,0,38259,8.1104,,S
265,1,3,"Smith, Mrs. Anna",female,30.33037992748806,3,0,73021,3.6229,,Q
266,1,3,"Anderson, Mr. Henry",male,,0,0,38987,15.8554,,C
267,1,3,"Baker, Mrs. Alice",female,30.598543737401524,0,0,62616,6.9288,,C
268,1,3,"Brown, Mrs. Anna",female,41.15470907443298,0,1,20683,8.0375,,Q
269,0,2,"Wilson, Mr. James",male,13.639436161220651,1,0,71083,6.0945,,Q
270,1,2,"Williams, Miss. Emily",female,27.178778344483185,0,0,19967,14.8514,E80,C
271,0,3,"Anderson, Mr. William",male,52.26921664536258,1,1,87664,12.3061,,S
272,0,3,"Taylor, Mr. George",male,35.66844546735871,0,0,50194,9.1991,,S
273,1,3,"Hill, Miss. Kate",female,,0,0,95873,5.8363,,S
274,0,3,"Johnson, Mr. Charles",male,9.684347001539969,0,0,72661,13.0331,,S
275,1,3,"Anderson, Mrs. Mary",female,9.540308590437547,0,0,97738,13.2923,,S
276,1,3,"Clark, Miss. Anna",female,28.512585785702242,0,0,82307,12.07,,Q
277,0,3,"Smith, Mr. Thomas",male,,0,1,53452,15.6098,,S
278,1,3,"Williams, Mr. Henry",male,17.630529219900204,0,0,22857,5.9496,,S
279,0,3,"Clark, Mr. Charles",male,26.69179239534472,0,0,41301,5.2738,,S
280,1,3,"Brown, Mr. Henry",male,44.06352313652315,0,0,65900,4.5764,,S
281,1,3,"Jones, Miss. Emily",female,33.34482969460358,3,0,41460,362.2704,,S
282,1,2,"Miller, Mr. Thomas",male,18.712194485607235,0,0,96923,7.9484,,S
283,0,2,"Baker, Mr. William",male,,0,2,59800,11.4413,,S
284,1,1,"Baker, Mr. Charles",male,37.67984712781565,0,0,19832,161.8305,C66,S
285,0,3,"Clark, Mr. Charles",male,20.347601003097267,4,0,57408,7.971,,S
286,1,1,"Moore, Miss. Florence",female,30.933151102804956,0,0,22626,33.0539,,S
287,0,3,"Clark, Mr. John",male,,1,0,67872,15.6072,,S
288,1,3,"Anderson, Miss. Kate",female,9.938375536319262,1,0,94021,7.4772,,S
289,0,2,"Anderson, Mr. Henry",male,31.113933098243667,0,0,88959,33.5519,,S
290,1,3,"Taylor, Mrs. Kate",female,18.27270835783228,0,0,26802,3.4758,,S
291,0,1,"Williams, Mr. George",male,32.515385913386496,0,0,26333,166.7238,C143,S
292,0,1,"Johnson, Mr. James",male,,0,0,45120,69.2492,,S
293,1,3,"Davis, Miss. Mary",female,38.06523585060006,0,0,32159,9.305,,S
294,0,2,"Moore, Mr. James",male,17.05439986772702,1,2,34660,11.9742,D73,S
295,1,1,"Hill, Miss. Elizabeth",female,55.04021929155695,0,0,66843,36.2703,D16,C
296,1,3,"Hill, Mrs. Mary",female,,1,0,44519,2.3558,,S
297,0,3,"Moore, Mr. John",male,45.34867453373038,0,0,94577,5.942,,S
298,0,1,"Baker, Mr. Frank",male,,1,0,54935,77.0035,A57,S
299,0,3,"Hill, Mrs. Mary",female,26.880324738958294,0,0,32507,15.0403,,S
300,0,1,"Johnson, Mr. Frank",male,37.661261510527176,0,0,81060,79.8554,,S
301,1,1,"Wilson, Mr. Charles",male,,0,0,94271,162.5925,,C
302,1,3,"Nelson, Mr. Charles",male,8.959294733488832,2,0,67223,2.4956,,C
303,1,3,"Jones, Mr. George",male,20.058119572436112,0,0,37675,6.1493,,S
304,1,3,"Jones, Mr. George",male,,0,0,27673,10.4934,,Q
305,1,3,"Brown, Miss. Kate",female,19.54542737507867,0,0,45470,5.1081,,S
306,1,3,"Baker, Miss. Emily",female,22.37616067077957,0,0,51603,2.4486,,S
307,1,3,"Taylor, Mrs. Kate",female,,0,0,94825,20.4128,,S
308,1,2,"Anderson, Miss. Elizabeth",female,,0,0,41230,19.938,F60,S
309,1,3,"Williams, Mr. John",male,25.6271018859698,0,0,24542,5.1072,,S
310,0,2,"Brown, Miss. Kate",female,29.309431510771912,0,0,71407,25.4388,F15,S
311,1,2,"Hill, Mr. John",male,45.90639547144216,0,1,63821,8.4047,,S
312,1,1,"Hill, Mr. Thomas",male,,0,0,45690,124.0138,B23,S
313,1,1,"Brown, Mr. James",male,39.76931411364976,1,0,16654,66.341,F17,S
314,0,3,"Smith, Mr. Frank",male,0.42,0,0,77557,28.1935,,S
315,1,3,"Smith, Miss. Elizabeth",female,38.84308411980311,0,3,95544,8.944,,S
316,1,3,"Davis, Miss. Elizabeth",female,41.63619276715412,0,0,98264,5.8875,,S
317,0,2,"Williams, Mr. George",male,,3,0,99698,42.4717,,S
318,0,1,"Taylor, Mr. Henry",male,,2,0,37446,116.9998,,C
319,1,1,"Miller, Miss. Emily",female,42.908821389829825,1,0,58484,69.1716,F143,S
320,0,2,"Miller, Mr. William",male,29.443296042949527,0,0,54078,19.8386,,C
321,0,3,"Davis, Mr. George",male,12.872821360853038,0,0,14225,6.0843,,S
322,1,3,"Wilson, Mr. Frank",male,18.81737927430109,0,2,84745,2.8014,,S
323,1,3,"Williams, Mrs. Alice",female,43.36234238636021,0,2,91259,16.9108,,C
324,1,2,"Wilson, Mrs. Florence",female,22.112896168051144,0,0,55487,10.3475,,S
325,1,3,"Johnson, Mr. George",male,13.905230627462801,1,0,78676,18.9583,,S
326,1,3,"Wilson, Mr. Henry",male,,1,2,21721,1.5618,,S
327,1,3,"Hill, Mrs. Florence",female,21.075792188682748,1,0,12587,27.0891,,S
328,1,3,"Jones, Mrs. Alice",female,22.43851864779474,0,0,49437,7.5494,,S
329,0,2,"Taylor, Mr. Thomas",male,38.056248797559775,1,0,28989,22.2381,,S
330,0,2,"Johnson, Mrs. Anna",female,21.74028894526682,0,0,42726,25.9845,D16,C
331,0,2,"Moore, Mr. James",male,14.534333431825303,0,0,80540,26.8136,,S
332,0,3,"Moore, Mr. George",male,,1,0,89837,10.727,,S
333,1,1,"Williams, Miss. Elizabeth",female,30.50540539664508,0,0,51168,111.545,E5,C
334,1,1,"Johnson, Mr. John",male,,0,0,74669,32.9771,C49,S
335,1,1,"Taylor, Mr. James",male,42.647724627966205,0,0,83040,128.6604,F108,S
336,1,1,"Smith, Mr. George",male,40.66699551690693,1,0,81616,49.898,,S
337,0,3,"Taylor, Mr. John",male,39.16769094942573,1,1,17408,4.2633,,S
338,0,3,"Williams, Mrs. Alice",female,17.472238648584366,0,0,14153,4.2302,,S
339,1,3,"Brown, Mr. James",male,25.54267250799979,1,0,21055,28.0177,,S
340,1,1,"Clark, Miss. Margaret",female,34.36634651382516,0,2,29760,98.9577,D34,S
341,0,3,"Jones, Mr. William",male,18.978589686261614,0,2,27752,2.5292,,Q
342,1,3,"Johnson, Mr. George",male,,1,0,99729,7.9673,,C
343,1,1,"Miller, Mr. John",male,24.903858171375667,1,0,13800,61.0234,,S
344,0,2,"Brown, Miss. Kate",female,,4,0,76573,12.9621,,C
345,0,2,"Brown, Mr. Charles",male,31.065942233376287,0,1,40054,13.2577,,S
346,1,3,"Miller, Miss. Florence",female,18.596796322729997,0,2,71816,7.1179,,S
347,0,3,"Hill, Mr. Henry",male,39.64985558575657,0,1,36866,9.2406,,S
348,1,1,"Jones, Mrs. Florence",female,63.734571475131716,2,0,10992,134.1066,,S
349,0,2,"Nelson, Mr. George",male,40.257736935881745,0,0,33696,31.0008,,C
350,1,3,"Jones, Mrs. Elizabeth",female,4.02836188206086,1,0,70282,5.1621,,S
351,1,3,"Clark, Mrs. Mary",female,30.217240774682693,0,0,83541,16.2551,,S
352,0,3,"Brown, Miss. Margaret",female,30.705168190319483,0,0,62838,11.0406,,S
353,1,3,"Wilson, Miss. Florence",female,15.453315184709412,0,0,39400,22.8222,,S
354,1,1,"Brown, Miss. Elizabeth",female,,0,0,92277,107.0654,,S
355,1,1,"Taylor, Mr. Henry",male,23.24844613195104,0,0,27565,89.6756,,S
356,0,3,"Hill, Mr. John",male,0.42,1,0,49585,8.6314,,Q
357,0,1,"Brown, Mr. Frank",male,51.30430628763006,0,0,44833,103.7004,,S
358,1,3,"Brown, Miss. Anna",female,0.42,0,0,22094,1.5712,,S
359,0,3,"Jones, Mr. George",male,13.412022357721504,0,0,41280,3.3941,,S
360,1,3,"Jones, Miss. Elizabeth",female,44.54999637881134,0,0,56647,27.7319,,C
361,0,2,"Smith, Mr. Frank",male,,0,0,54378,12.0928,,S
362,1,3,"Brown, Mr. Henry",male,10.913440427092329,0,3,29513,5.1886,,S
363,0,3,"Moore, Mr. William",male,22.624747252183816,0,0,10154,5.5765,,C
364,1,3,"Brown, Miss. Florence",female,49.81487605796262,0,0,38134,6.5796,,S
365,1,3,"Anderson, Mr. Henry",male,3.0198130335276865,0,0,18678,5.7765,,S
366,0,2,"Miller, Mr. Thomas",male,16.577189254141985,0,0,16294,19.4653,,S
367,0,3,"Clark, Mr. George",male,42.96918019815551,0,1,19574,3.5469,,S
368,1,3,"Anderson, Mr. Frank",male,47.29242812245279,0,0,45183,0.7765,,S
369,0,1,"Wilson, Mr. George",male,,0,1,58747,45.4653,,S
370,1,1,"Jones, Mr. Charles",male,,2,0,76606,112.6258,A19,S
371,1,1,"Miller, Miss. Elizabeth",female,28.842940436216068,1,1,28638,92.4994,,S
372,1,1,"Smith, Mr. Charles",male,12.371139444009604,1,0,67194,35.5332,D109,Q
373,0,1,"Smith, Mr. Charles",male,,0,1,57553,116.0773,F141,S
374,0,3,"Davis, Mr. George",male,15.25117181275096,1,0,36082,0.2684,,C
375,1,1,"Hill, Mr. James",male,36.07572079521231,1,0,26306,46.1064,D133,S
376,1,2,"Hill, Mr. James",male,30.20303834134484,1,0,17807,27.584,,S
377,1,3,"Nelson, Mr. George",male,28.970215655386934,0,2,98760,11.5717,,S
378,1,1,"Nelson, Mr. Charles",male,,0,0,61342,110.1722,,S
379,1,3,"Miller, Mr. Frank",male,35.55300449364884,1,0,42143,10.8638,,S
380,1,2,"Miller, Mrs. Alice",female,36.64029715085873,0,1,68414,29.3391,,S
381,1,1,"Johnson, Mrs. Florence",female,39.0560709446223,0,0,34715,18.1304,B95,S
382,1,3,"Jones, Miss. Emily",female,,0,0,72054,4.2369,,S
383,0,3,"Baker, Mr. Charles",male,33.244789550307,0,0,82934,9.1412,,Q
384,1,3,"Anderson, Mr. Henry",male,42.598490311343234,0,0,22202,12.2601,,S
385,0,3,"Davis, Mr. John",male,11.661037005837386,0,2,37987,5.1582,,S
386,1,3,"Smith, Mr. William",male,24.570093055522445,0,1,45740,3.795,,S
387,1,2,"Taylor, Mrs. Margaret",female,37.19226585980219,0,0,86848,21.1452,,S
388,0,1,"Johnson, Mr. Frank",male,,0,3,95890,52.1896,,C
389,0,3,"Smith, Mr. Henry",male,29.16051973125904,0,0,63871,16.5536,,S
390,1,3,"Davis, Mr. William",male,,0,0,23627,15.4312,,S
391,1,3,"Nelson, Miss. Elizabeth",female,2.9190670659309674,1,0,61069,12.1322,,S
392,0,2,"Jones, Mr. Charles",male,36.0216817972886,1,0,50409,36.1649,,C
393,0,2,"Nelson, Mr. Thomas",male,12.227208516016805,0,0,90635,4.9322,,S
394,0,3,"Nelson, Mr. George",male,26.476938419874173,0,2,71486,5.6804,,S
395,0,2,"Nelson, Mr. John",male,13.977196908009383,0,1,11611,21.2788,,S
396,0,3,"Moore, Mr. Frank",male,9.409403638650108,1,0,41657,16.973,,S
397,1,3,"Anderson, Mr. Charles",male,27.793440915281963,0,0,28462,7.5286,,S
398,0,2,"Baker, Mr. Henry",male,,0,0,86309,28.6604,,C
399,1,3,"Johnson, Mr. James",male,0.42,0,2,99299,9.9052,,C
400,0,3,"Taylor, Mr. Charles",male,39.33510664616477,0,1,48547,3.1777,,S
401,1,1,"Davis, Mr. John",male,,1,0,39063,32.9848,,S
402,1,3,"Miller, Mr. George",male,,1,1,92273,7.9213,,S
403,1,3,"Smith, Miss. Florence",female,,0,0,89397,15.0406,,S
404,1,3,"Hill, Mrs. Mary",female,37.891816152586735,0,0,62788,8.395,,S
405,0,2,"Baker, Mr. James",male,9.657563972293282,0,0,52523,10.7562,,S
406,1,3,"Hill, Mr. George",male,,0,0,40284,1.7168,,Q
407,1,2,"Miller, Mr. Frank",male,26.575173190930762,0,0,97964,28.1826,,S
408,0,1,"Brown, Mr. Frank",male,56.76630624432403,0,0,73996,67.925,,Q
409,1,3,"Anderson, Miss. Kate",female,28.849428711192207,0,0,76247,7.3044,,S
410,0,1,"Miller, Mr. Thomas",male,39.61036510806384,0,0,23706,72.7102,C68,S
411,1,2,"Johnson, Miss. Mary",female,,2,0,20924,32.1997,,S
412,0,3,"Miller, Mr. John",male,28.443470251620504,0,0,25921,7.56,,C
413,0,3,"Miller, Mr. Frank",male,15.016540990066586,1,0,35432,14.1095,,S
414,1,3,"Johnson, Miss. Margaret",female,17.34060728165807,1,2,27813,14.1988,,C
415,1,3,"Wilson, Miss. Alice",female,15.215492460206548,0,0,75250,6.3616,,C
416,1,2,"Nelson, Miss. Anna",female,39.838252839830766,1,0,78956,14.7745,,S
417,1,2,"Wilson, Miss. Emily",female,,0,0,12068,34.0357,F119,S
418,0,2,"Smith, Mr. Henry",male,16.783119328505535,0,1,49927,15.0273,,S
419,1,3,"Williams, Mrs. Anna",female,48.04441002573114,0,3,80342,4.6145,,S
420,0,3,"Miller, Mr. John",male,10.325259765333232,4,0,40539,7.9922,,S
421,1,3,"Clark, Mrs. Anna",female,25.85504499893071,0,0,21683,11.349,,S
422,0,3,"Johnson, Mr. John",male,9.47790849755085,0,2,95151,1.5311,,C
423,1,1,"Hill, Mrs. Mary",female,12.75604453241677,2,0,45674,191.0386,,S
424,0,3,"Baker, Mr. Henry",male,13.982476199001102,0,0,62703,18.695,,Q
425,1,1,"Taylor, Mr. George",male,41.73977311416077,1,0,68810,55.6806,,S
426,0,3,"Wilson, Mr. Frank",male,20.24524386277888,1,0,96111,1.7511,,S
427,1,2,"Moore, Mrs. Emily",female,47.27613315396032,1,0,95343,17.8968,D116,S
428,0,3,"Moore, Mr. William",male,,3,0,95977,12.1787,,S
429,0,2,"Davis, Mr. Henry",male,,3,0,97114,7.626,E140,C
430,0,1,"Brown, Mr. Henry",male,,0,2,21117,9.0518,B146,Q
431,0,1,"Anderson, Mr. Charles",male,60.57108879557594,1,0,13665,25.594,F79,C
432,0,3,"Taylor, Miss. Florence",female,38.75729044480873,0,1,54390,5.5115,,Q
433,1,3,"Smith, Mr. John",male,13.319453943675585,0,0,84884,4.315,,S
434,1,1,"Smith, Mrs. Kate",female,25.523308844185976,0,0,73887,44.6585,C144,S
435,0,1,"Jones, Mr. William",male,7.874584381389731,0,0,58266,57.2033,,S
436,0,3,"Clark, Mr. George",male,22.270284880559107,4,2,65541,3.3076,,C
437,1,1,"Moore, Miss. Mary",female,,2,1,74802,119.731,E118,S
438,1,3,"Clark, Miss. Anna",female,16.37068658260977,0,0,17882,10.9318,,Q
439,0,3,"Smith, Mr. James",male,49.59774514943111,0,1,80825,20.6179,,S
440,1,1,"Anderson, Mr. Thomas",male,39.07592636142275,0,0,23910,38.2904,,Q
441,1,1,"Anderson, Miss. Anna",female,34.8520162546869,1,2,50566,163.9554,C112,S
442,0,3,"Taylor, Mr. George",male,15.509207419989362,1,0,73073,0.9775,,S
443,1,2,"Brown, Mrs. Mary",female,2.6996554005288864,0,2,46176,17.6686,,C
444,1,2,"Miller, Mrs. Anna",female,38.13160421880347,0,0,93081,11.8488,,C
445,0,3,"Clark, Miss. Emily",female,8.805085461381616,0,0,40289,5.917,,S
446,0,3,"Clark, Mr. William",male,20.017434785136743,0,0,60411,8.6075,,Q
447,0,3,"Johnson, Miss. Emily",female,,2,0,79626,5.4332,,C
448,0,3,"Brown, Mr. John",male,26.33647122208063,0,0,25362,9.2991,,S
449,1,2,"Clark, Mr. William",male,23.42529284459482,0,0,97610,16.3929,,S
450,0,1,"Moore, Mr. George",male,41.26502583768902,0,0,23783,123.6682,A132,S
451,1,3,"Moore, Mr. Thomas",male,33.31426906981374,0,0,54162,1.4486,,S
452,1,3,"Miller, Mrs. Kate",female,33.81565054551196,3,0,45749,10.9678,,S
453,1,2,"Jones, Miss. Margaret",female,30.048043734022016,0,0,13554,17.1983,D36,S
454,1,3,"Taylor, Miss. Elizabeth",female,21.590138824854435,0,2,68568,17.1188,,S
455,0,1,"Moore, Mr. John",male,,0,0,28773,79.2709,,S
456,0,3,"Jones, Mr. Charles",male,,1,0,83694,12.5974,,S
457,1,1,"Jones, Mr. James",male,,0,0,76550,182.1368,A72,S
458,1,3,"Nelson, Mrs. Kate",female,29.21775880422642,1,0,56295,16.24,,S
459,0,1,"Hill, Mr. George",male,36.20047483985497,0,0,40331,47.4926,B58,S
460,1,1,"Hill, Miss. Anna",female,11.654113363033051,0,0,55640,59.5116,A57,S
461,0,1,"Brown, Mr. George",male,30.31785129162654,0,0,74877,70.395,D11,Q
462,0,3,"Clark, Mr. Thomas",male,13.625287392772165,0,2,56969,15.7739,,S
463,0,3,"Nelson, Mrs. Anna",female,14.988123454101014,0,0,52986,8.0051,,S
464,1,3,"Wilson, Mr. Charles",male,34.16835737887431,0,0,17585,4.1258,,S
465,0,3,"Moore, Miss. Florence",female,6.486381817484251,1,0,14122,4.5119,,S
466,0,2,"Moore, Mrs. Elizabeth",female,50.20408546929207,1,0,26838,28.5047,,S
467,0,2,"Hill, Mr. James",male,41.10168769517891,0,1,27301,25.3383,F89,S
468,1,3,"Moore, Mr. William",male,,0,0,33107,10.7035,,S
469,0,1,"Williams, Mr. Charles",male,28.952817662186757,0,0,67357,102.0834,A67,Q
470,1,3,"Davis, Miss. Margaret",female,,0,0,98161,4.4375,,S
471,1,1,"Nelson, Mr. George",male,21.28908435540928,1,0,65211,92.0177,,C
472,0,3,"Wilson, Mr. Charles",male,28.201820755544823,0,0,76025,4.5485,,C
473,0,1,"Smith, Mr. Frank",male,,0,1,76520,48.9866,C42,S
474,1,3,"Hill, Mrs. Mary",female,29.440733383227464,1,1,27344,17.3348,,S
475,0,3,"Baker, Mr. Frank",male,23.515207838802922,1,2,67202,7.6721,,S
476,1,3,"Baker, Miss. Kate",female,30.493667319109417,0,1,24959,2.4311,,S
477,1,1,"Moore, Mrs. Anna",female,42.041710809918,0,0,48751,52.1705,,C
478,0,3,"Johnson, Mr. Thomas",male,22.809172307445507,0,0,11869,1.7648,,S
479,0,3,"Anderson, Mr. Henry",male,13.120506489375833,0,1,54264,15.9207,,S
480,1,3,"Johnson, Miss. Emily",female,24.57990867992517,2,1,40268,24.5922,,C
481,0,3,"Wilson, Mr. Thomas",male,15.267989636453862,1,1,94564,7.2021,,Q
482,0,3,"Taylor, Miss. Elizabeth",female,,1,0,49606,4.5096,,S
483,0,3,"Baker, Mr. George",male,28.103933774264657,0,0,23550,14.5226,,C
484,1,3,"Hill, Mr. Henry",male,27.552877310291922,1,1,15702,31.1483,,S
485,1,3,"Smith, Mrs. Alice",female,,0,0,88563,16.6648,,S
486,0,3,"Clark, Mr. James",male,19.82649316509881,0,3,71745,10.5596,,S
487,0,1,"Smith, Mr. James",male,22.726469976987225,0,0,34459,31.154,,S
488,0,2,"Miller, Mr. Frank",male,38.18388459488354,0,0,66782,13.3788,,S
489,0,3,"Williams, Mr. William",male,30.337285693979137,1,0,97822,7.3325,,S
490,0,3,"Nelson, Mr. Thomas",male,15.092155806374294,0,1,16032,8.7493,,S
491,0,3,"Wilson, Mr. Henry",male,,0,0,11825,6.4869,,S
492,1,3,"Taylor, Miss. Elizabeth",female,29.369683552655935,0,0,87090,5.26,,S
493,0,2,"Hill, Mr. James",male,40.66447216396193,0,3,58101,8.9595,,C
494,0,1,"Brown, Mrs. Anna",female,57.53957335105939,0,0,70109,56.0899,,S
495,0,3,"Davis, Mr. John",male,26.92587548768176,0,1,22470,9.8185,,S
496,1,2,"Smith, Miss. Margaret",female,23.286414629461568,1,0,13770,20.8435,,C
497,0,3,"Hill, Mr. George",male,20.679528774916207,0,1,37268,1.4882,,C
498,1,1,"Baker, Mrs. Anna",female,,0,0,10029,99.9156,A108,S
499,1,3,"Moore, Mr. Frank",male,29.480182716536778,0,2,40083,5.4938,,S
500,1,3,"Nelson, Mr. John",male,28.74853852559886,1,2,18958,4.0807,,Q
501,0,3,"Anderson, Mr. Frank",male,,0,0,18806,6.1064,,C
502,1,3,"Smith, Mr. Thomas",male,9.905582129093347,0,0,42162,10.4372,,S
503,0,2,"Johnson, Mr. Charles",male,26.296618586194278,0,0,84732,18.4645,,S
504,0,3,"Brown, Mr. George",male,,0,0,44889,16.6216,,S
505,1,3,"Jones, Miss. Mary",female,23.294241556713448,0,1,37702,10.1197,,S
506,1,1,"Anderson, Mr. William",male,43.93685462249726,1,0,45777,94.4878,,S
507,1,3,"Wilson, Mr. Frank",male,37.353489779180286,0,0,62971,5.7522,,S
508,0,3,"Miller, Mr. Thomas",male,35.4677845603414,0,0,17739,0.1309,,S
509,1,3,"Baker, Mrs. Anna",female,,1,1,34599,5.2702,,C
510,1,3,"Moore, Mr. James",male,34.84189824106581,0,2,46827,6.9826,,S
511,0,3,"Brown, Mr. Charles",male,24.223736739609777,0,0,86821,22.2096,,S
512,0,2,"Brown, Mr. James",male,,0,0,78446,30.4576,,Q
513,1,3,"Miller, Miss. Margaret",female,25.878363892020335,0,0,90210,8.9915,,S
514,1,3,"Brown, Miss. Alice",female,23.19708413442088,0,0,93890,4.0604,,S
515,0,1,"Nelson, Mr. Henry",male,34.376855122660565,0,0,33039,33.121,E70,C
516,1,1,"Moore, Mrs. Margaret",female,60.381060387066036,1,0,54929,34.7285,,S
517,1,2,"Miller, Mrs. Alice",female,,3,0,53884,27.3942,,C
518,0,3,"Anderson, Mr. Frank",male,20.277641728363253,0,0,35146,13.791,,S
519,1,3,"Taylor, Miss. Kate",female,27.14433660172571,0,0,55819,7.3327,,S
520,0,1,"Williams, Mr. Henry",male,33.32652714341586,0,0,93162,42.0946,B147,C
521,0,3,"Clark, Mr. Frank",male,,1,0,92632,13.6615,,S
522,0,2,"Anderson, Mr. Frank",male,29.591290785127907,0,1,41308,21.0223,E138,S
523,0,3,"Moore, Mr. John",male,54.8222790001467,0,0,23054,1.5531,,S
524,0,3,"Moore, Mr. James",male,28.177303731735755,1,0,89606,15.1887,,S
525,1,3,"Hill, Mrs. Anna",female,40.304688855988175,1,0,62018,21.6553,,C
526,1,3,"Anderson, Mr. Charles",male,,1,0,36250,5.5522,,S
527,0,2,"Wilson, Mr. John",male,33.91439540949265,0,2,24413,3.2565,,S
528,0,2,"Hill, Mr. Thomas",male,,1,0,87391,19.148,,S
529,1,1,"Jones, Miss. Alice",female,62.255209992791286,1,0,48921,40.4734,C112,S
530,0,3,"Miller, Mr. James",male,37.6884196645387,0,0,81123,18.9439,,C
531,0,3,"Hill, Mr. John",male,35.466364000875735,0,0,84363,24.1757,,C
532,0,3,"Clark, Mr. James",male,21.218959225670694,0,0,35785,16.3532,,S
533,1,3,"Nelson, Mr. Charles",male,18.13904749652726,2,0,66865,1.5378,,S
534,1,3,"Williams, Miss. Emily",female,28.99129012389037,0,0,16861,4.7659,,S
535,0,3,"Smith, Mrs. Anna",female,36.19753686809283,0,0,86340,5.6705,,S
536,0,3,"Miller, Mr. Henry",male,22.327351590680713,0,0,23979,6.9278,,C
537,1,3,"Williams, Miss. Margaret",female,37.78206358857264,1,0,76833,9.4348,,S
538,1,2,"Miller, Mr. Henry",male,28.482043094661794,0,0,10357,15.8453,,S
539,1,3,"Clark, Mrs. Florence",female,14.004148971118964,0,0,57201,8.1883,,Q
540,1,1,"Jones, Mr. Henry",male,48.47074358564547,0,0,64254,56.1046,B44,S
541,1,3,"Johnson, Mr. George",male,23.315499293135964,2,1,92160,12.52,,S
542,1,3,"Wilson, Mr. John",male,28.691352018270358,0,0,20796,7.412,,S
543,1,1,"Nelson, Mrs. Anna",female,67.03715737649964,0,0,33238,55.8154,D124,C
544,0,3,"Anderson, Mr. Thomas",male,,1,2,60978,9.899,,S
545,1,3,"Hill, Mr. William",male,30.088802338221413,0,0,50883,14.4006,,S
546,0,2,"Baker, Mr. James",male,35.11936487681127,2,0,95478,21.3593,E7,Q
547,1,1,"Moore, Mrs. Alice",female,53.413434889979996,0,0,79396,52.8122,,S
548,0,3,"Williams, Mr. Thomas",male,9.210210202869915,0,1,14447,2.9179,,C
549,1,3,"Johnson, Mrs. Anna",female,28.372111003381676,0,2,30523,7.9199,,S
550,1,3,"Smith, Miss. Alice",female,,0,0,74079,11.5751,,S
551,0,3,"Smith, Mr. William",male,37.15164891572886,1,0,74823,2.3855,,S
552,1,3,"Moore, Mrs. Florence",female,23.102153867532156,0,0,59289,11.08,,S
553,0,3,"Davis, Mr. George",male,63.917115635136796,1,0,14849,11.6249,,S
554,1,3,"Nelson, Miss. Anna",female,,0,0,34718,2.6528,,S
555,1,3,"Williams, Mr. Charles",male,,0,0,97862,7.5736,,S
556,1,2,"Nelson, Miss. Mary",female,,0,0,83002,40.0699,,S
557,1,1,"Hill, Miss. Kate",female,,4,1,70977,60.042,,
558,1,1,"Johnson, Miss. Margaret",female,39.37176414859253,0,0,98325,61.5205,A96,S
559,1,3,"Taylor, Mrs. Florence",female,5.343651310767797,0,0,37135,2.8805,,S
560,0,3,"Clark, Mr. George",male,3.5634944157437616,0,0,40262,2.4919,,S
561,1,3,"Miller, Mr. James",male,17.535582333347424,0,1,99971,5.9981,,S
562,1,1,"Moore, Miss. Kate",female,,0,0,44787,37.8702,,S
563,1,1,"Clark, Mr. Thomas",male,46.70200645798471,2,0,25689,40.4203,F4,S
564,0,1,"Nelson, Mr. John",male,32.825455295389126,0,0,49860,62.9758,B10,C
565,1,2,"Williams, Miss. Emily",female,51.137465899706825,1,0,60344,18.7129,,C
566,1,3,"Miller, Miss. Elizabeth",female,0.42,0,2,77891,0.9516,,S
567,1,2,"Davis, Mrs. Mary",female,27.932412264799332,0,0,61658,36.452,,C
568,0,2,"Wilson, Mr. George",male,33.843118353712235,1,0,75869,18.2482,,S
569,1,3,"Smith, Mrs. Florence",female,0.7781456273363432,0,0,45330,18.4961,,C
570,0,2,"Wilson, Mr. James",male,49.20014753953757,3,0,90312,3.237,,S
571,1,3,"Hill, Mrs. Florence",female,,0,1,70064,10.2894,,S
572,0,3,"Brown, Mr. Charles",male,23.535314414544672,2,0,37014,6.5633,,C
573,1,2,"Johnson, Miss. Anna",female,15.735067140773026,0,0,44563,14.7383,,S
574,0,3,"Johnson, Miss. Elizabeth",female,,0,0,25270,2.4238,,S
575,0,3,"Brown, Mr. Henry",male,20.553006851190606,0,0,41279,9.9142,,Q
576,1,3,"Davis, Miss. Florence",female,8.823434656717993,0,2,13657,26.4052,,S
577,0,1,"Miller, Mr. James",male,,0,0,99422,80.2648,D17,S
578,0,3,"Williams, Miss. Emily",female,,0,1,78773,41.9117,,S
579,1,3,"Williams, Miss. Mary",female,28.860142496518,0,1,11027,13.3081,,C
580,1,2,"Baker, Mr. Frank",male,15.636783690187238,0,0,24199,16.6584,,Q
581,1,3,"Williams, Miss. Anna",female,13.058218217759446,1,0,54954,15.2563,,S
582,0,3,"Jones, Mrs. Elizabeth",female,22.821962054371994,0,0,89317,2.9535,,C
583,0,3,"Brown, Mr. John",male,0.42,0,0,25120,9.2133,,C
584,0,2,"Taylor, Mr. Frank",male,,0,0,66812,16.446,,S
585,1,3,"Smith, Mrs. Alice",female,42.14629249376281,0,0,99825,9.1663,,C
586,1,2,"Wilson, Miss. Alice",female,45.33642770868923,0,0,15983,24.5458,,S
587,1,1,"Miller, Miss. Florence",female,35.27128407506247,0,0,76629,219.9889,E31,S
588,1,1,"Smith, Mrs. Emily",female,53.8727813561389,2,0,80325,22.7197,,S
589,0,1,"Hill, Mr. George",male,46.309794111932064,1,0,12912,31.4275,,S
590,0,1,"Anderson, Miss. Emily",female,0.42,0,0,57879,113.2536,E30,C
591,0,1,"Miller, Mr. William",male,47.18261087141666,0,0,31873,24.8357,,S
592,1,3,"Anderson, Mr. George",male,1.3729222910070007,0,1,24332,2.9047,,C
593,0,1,"Jones, Mr. James",male,37.73807740975744,0,0,26564,73.7591,C29,C
594,1,2,"Smith, Mr. John",male,,1,1,87795,23.468,,C
595,0,3,"Miller, Mr. Henry",male,28.32830154357611,0,0,30526,19.3665,,S
596,0,3,"Taylor, Mr. Frank",male,24.73265224979544,0,0,75481,11.1848,,S
597,1,3,"Wilson, Miss. Alice",female,,0,0,62775,3.3575,,S
598,0,1,"Taylor, Mr. William",male,43.69873201974349,0,0,96649,112.3823,E69,C
599,0,1,"Johnson, Mr. William",male,24.396805716421994,1,0,26006,40.9417,B84,S
600,0,1,"Davis, Mr. James",male,18.68534569295497,0,0,31643,54.885,,Q
601,1,1,"Williams, Mr. Frank",male,29.225958855740487,1,0,99949,56.0627,,C
602,1,2,"Smith, Mr. Frank",male,29.596233872678276,4,0,73128,13.4321,,S
603,1,1,"Davis, Mr. Thomas",male,51.34375063526521,0,0,52523,129.304,E80,S
604,1,1,"Miller, Mr. John",male,45.1831958813621,1,2,80220,28.4696,E102,S
605,1,1,"Baker, Miss. Margaret",female,48.151341015871964,0,0,83390,151.1728,,C
606,1,3,"Johnson, Mr. George",male,18.364949951592376,3,0,62784,15.6981,,S
607,1,1,"Jones, Mr. Thomas",male,29.01925766687867,4,0,97893,90.8493,,C
608,0,2,"Anderson, Mr. John",male,0.9029939667753624,1,0,69701,10.8686,,S
609,0,3,"Brown, Miss. Florence",female,15.615958089867556,0,1,27946,290.168,,C
610,1,3,"Taylor, Mr. Thomas",male,15.883562590236554,1,0,23127,16.4258,,C
611,1,1,"Hill, Mr. William",male,54.644787200645,0,2,39404,78.0887,,S
612,0,3,"Miller, Mr. Frank",male,30.65850856501847,1,0,98424,3.053,,S
613,0,3,"Brown, Mr. Charles",male,3.0262614599397963,2,0,27401,2.8388,,C
614,1,1,"Wilson, Mr. John",male,52.98210333642999,0,2,25428,142.1704,B134,S
615,1,3,"Moore, Mr. George",male,0.42,0,2,74372,2.848,,S
616,0,3,"Wilson, Mr. William",male,23.967163686509284,0,0,21971,4.9815,,S
617,0,1,"Hill, Mr. Charles",male,,0,1,98018,34.0792,,S
618,0,2,"Wilson, Mr. Charles",male,31.836342821137023,0,0,95504,9.3186,,S
619,1,3,"Clark, Mrs. Emily",female,12.489067663953085,1,1,26565,5.5874,,C
620,1,3,"Davis, Mrs. Alice",female,10.93319495876032,2,0,16829,2.4208,,S
621,1,1,"Brown, Miss. Florence",female,26.90612110600054,2,0,86023,120.9439,,S
622,0,1,"Miller, Mrs. Alice",female,33.688538585053436,0,0,45435,92.5397,,Q
623,0,2,"Brown, Mr. John",male,80.0,1,0,91823,26.3607,D135,S
624,0,3,"Williams, Mr. William",male,14.37701576650933,1,0,48941,10.0296,,S
625,1,3,"Taylor, Mr. William",male,27.17275291325299,0,0,52459,2.7319,,C
626,0,2,"Wilson, Mr. Charles",male,26.263182247795378,0,0,57976,7.4211,,C
627,1,3,"Anderson, Mrs. Anna",female,32.0339896047134,0,0,89199,5.9907,,S
628,0,3,"Clark, Mr. George",male,20.051034181402237,2,0,19176,14.8455,,Q
629,1,1,"Hill, Miss. Elizabeth",female,,0,0,61516,62.1357,,Q
630,1,2,"Williams, Mr. James",male,22.592171932896136,1,0,25072,23.6579,,S
631,0,3,"Smith, Mrs. Anna",female,,0,0,81052,8.0878,,S
632,0,3,"Moore, Mr. Thomas",male,21.092667374217957,1,2,29689,10.0545,,C
633,0,3,"Brown, Mr. James",male,23.027977529375306,0,0,28599,11.4313,,S
634,0,3,"Johnson, Mr. Frank",male,27.545120236890103,0,0,92045,16.5364,,S
635,1,1,"Brown, Mr. Charles",male,34.29679222165145,0,0,45388,95.1819,D36,C
636,1,2,"Williams, Mr. George",male,24.149832846054423,0,0,60603,56.016,,S
637,0,3,"Davis, Mr. Frank",male,,1,0,84736,5.4403,,S
638,1,2,"Clark, Mrs. Mary",female,23.0406438687891,0,0,35789,13.7554,,S
639,1,2,"Davis, Mr. William",male,34.65989703672506,0,1,87432,31.1999,,S
640,1,2,"Anderson, Mr. Charles",male,,0,0,97467,15.8982,,S
641,0,1,"Davis, Mr. Thomas",male,57.04922034174112,0,0,98623,114.4091,,S
642,1,2,"Anderson, Mrs. Emily",female,38.91160060427265,0,0,99289,30.8818,,S
643,1,1,"Davis, Mr. James",male,0.42,0,1,62282,125.4797,E63,S
644,0,2,"Clark, Mr. Frank",male,,1,0,43464,0.8989,,Q
645,0,1,"Baker, Mr. Thomas",male,63.20715654115195,0,0,77806,78.673,F120,Q
646,0,3,"Smith, Mr. William",male,,1,0,51994,3.9775,,S
647,1,3,"Baker, Miss. Kate",female,13.07364790198176,4,0,91596,8.0601,,C
648,0,3,"Wilson, Mr. George",male,30.042298514739898,0,0,35594,18.0573,,C
649,0,3,"Anderson, Mr. George",male,14.722021151089614,0,0,62563,17.6443,,C
650,1,3,"Taylor, Miss. Margaret",female,26.172044520980023,0,1,90352,23.2569,,S
651,0,1,"Johnson, Mr. Frank",male,44.66900877098707,3,0,96840,147.9826,,S
652,0,3,"Williams, Mr. Henry",male,3.4827225695850785,2,0,38386,10.5035,,C
653,0,3,"Smith, Mr. John",male,20.406193724644375,0,0,76652,14.6852,,S
654,1,3,"Williams, Miss. Margaret",female,,1,0,27540,2.9429,,S
655,0,2,"Wilson, Mr. James",male,32.791271381216845,0,0,43756,67.0623,,S
656,0,1,"Hill, Mrs. Anna",female,,3,0,53426,60.6775,E67,Q
657,0,2,"Davis, Mr. Charles",male,42.81084591299784,3,0,15587,23.6758,,S
658,0,2,"Williams, Mr. William",male,41.29900970245966,0,1,93748,11.7996,,S
659,0,3,"Baker, Mr. Charles",male,24.461283638529558,0,0,91339,6.7323,,S
660,0,3,"Miller, Mrs. Alice",female,,0,0,99792,7.774,,C
661,1,2,"Moore, Mr. John",male,,0,1,59039,33.1855,,S
662,1,3,"Anderson, Mrs. Mary",female,39.06061497659391,1,0,20269,10.166,,S
663,1,3,"Clark, Mrs. Elizabeth",female,,0,0,16088,4.0342,,S
664,0,1,"Nelson, Mr. James",male,,0,0,52044,61.5816,F36,S
665,1,1,"Williams, Mr. Charles",male,38.00289890885476,0,0,37081,101.574,,S
666,0,1,"Brown, Mr. Thomas",male,37.8697955040594,4,1,71388,123.2186,,S
667,1,2,"Jones, Mr. Thomas",male,24.89787562120865,0,0,20543,5.4469,,S
668,1,1,"Wilson, Miss. Kate",female,,0,0,13005,70.1034,,S
669,1,1,"Moore, Mrs. Florence",female,49.551375705346885,0,0,47203,92.6866,C81,C
670,1,2,"Wilson, Mr. Frank",male,38.326237337610706,4,0,26220,12.3444,,S
671,1,1,"Nelson, Mr. Henry",male,28.786369152946406,1,0,42696,63.2213,,S
672,1,3,"Brown, Mrs. Florence",female,20.229306814099346,0,0,89683,0.8784,,S
673,0,1,"Brown, Mr. Frank",male,19.15780707137499,0,1,56381,58.8547,,S
674,1,3,"Williams, Miss. Alice",female,,0,2,57984,3.2796,,S
675,0,2,"Anderson, Mr. George",male,0.42,0,0,10076,61.3169,,S
676,1,3,"Smith, Miss. Emily",female,21.276307535381157,0,0,28946,12.3329,,C
677,0,1,"Miller, Mr. James",male,41.67585860602695,2,2,93492,55.8154,D60,S
678,0,2,"Hill, Mr. Thomas",male,45.67792871510861,0,0,33471,48.6733,,S
679,0,3,"Smith, Mr. William",male,,1,0,71531,20.7552,,S
680,0,3,"Wilson, Mr. Henry",male,8.53908244883793,0,0,48738,14.2907,,S
681,0,3,"Clark, Mr. Charles",male,,1,1,50720,4.8812,,S
682,1,2,"Williams, Miss. Florence",female,17.664085229277116,1,1,34440,12.6905,,S
683,1,1,"Anderson, Miss. Emily",female,41.7150728915948,0,0,21862,93.1515,E145,S
684,0,3,"Miller, Mr. Frank",male,19.444725855696902,0,0,78273,14.7674,,S
685,0,3,"Davis, Mr. Charles",male,,0,0,31788,25.8498,,S
686,0,3,"Smith, Mr. Henry",male,7.802178225703457,0,0,35522,10.4818,,S
687,0,3,"Clark, Mr. Charles",male,18.704051115198364,0,0,80185,6.2146,,S
688,0,2,"Nelson, Mr. James",male,,0,1,79404,17.4358,,S
689,0,3,"Baker, Mr. John",male,40.552756741376754,4,0,62289,17.7754,,S
690,0,1,"Brown, Mr. William",male,55.30583010528705,0,1,17824,80.409,E80,S
691,1,2,"Smith, Mr. George",male,16.264750644116713,1,0,17799,41.9573,,S
692,1,2,"Brown, Mr. William",male,45.900079872239225,0,0,95406,25.075,,S
693,0,3,"Miller, Mr. Thomas",male,8.25052957369018,1,0,55147,7.1656,,S
694,1,2,"Williams, Mrs. Margaret",female,34.582564588639435,0,0,92922,29.5057,,S
695,0,1,"Williams, Mr. George",male,46.620796096795985,1,0,18614,37.2848,,S
696,1,3,"Johnson, Miss. Kate",female,22.65531578587571,0,2,35147,6.0785,,S
697,0,2,"Baker, Mr. James",male,33.510745659088485,0,1,86637,46.9138,,S
698,0,3,"Anderson, Mr. George",male,15.527937931363908,0,0,30914,6.9682,,C
699,1,1,"Baker, Mrs. Alice",female,,0,0,73699,105.0072,,C
700,0,3,"Moore, Mrs. Mary",female,22.41268505718373,0,2,19615,16.6428,,S
701,1,3,"Jones, Miss. Mary",female,20.537705412656013,0,0,60785,16.6128,,C
702,0,1,"Nelson, Mr. George",male,,0,0,98589,144.6408,D103,S
703,1,2,"Anderson, Mr. John",male,31.374799286529246,1,0,67811,39.6998,,S
704,1,1,"Clark, Miss. Mary",female,20.910026037201778,0,2,89017,118.7332,,Q
705,0,1,"Moore, Mr. George",male,30.886037232937646,0,0,56898,120.4937,,C
706,0,3,"Anderson, Mr. Thomas",male,36.95341857893355,1,0,65505,16.7479,,Q
707,0,2,"Brown, Mr. Henry",male,32.597535638343274,0,2,86031,7.6115,,S
708,0,3,"Clark, Mr. Henry",male,26.893137271525234,0,0,10146,3.7086,,S
709,1,2,"Williams, Mrs. Margaret",female,,0,0,50275,24.1224,,S
710,0,3,"Anderson, Mr. James",male,,2,0,25977,1.9892,,S
711,0,3,"Miller, Mr. William",male,16.127543110491565,1,1,51565,12.1943,,S
712,1,3,"Anderson, Mr. Frank",male,39.302792012962875,1,0,43945,3.6271,,C
713,0,3,"Miller, Mr. Frank",male,,0,3,12594,9.0699,,S
714,0,2,"Miller, Mr. George",male,28.404783863255588,1,0,86610,29.3849,,S
715,1,2,"Hill, Mr. James",male,31.213840865596467,0,0,67655,23.2735,,S
716,0,3,"Clark, Mr. George",male,22.644632183344758,0,3,37431,10.7802,,S
717,1,3,"Wilson, Miss. Florence",female,28.620400106820828,0,0,92684,8.0993,,S
718,0,3,"Jones, Mr. Charles",male,27.106434754943173,0,0,98197,2.9603,,Q
719,1,1,"Williams, Mr. Thomas",male,,0,0,37571,29.3257,,S
720,1,3,"Anderson, Miss. Emily",female,,0,0,75971,11.4491,,S
721,1,3,"Baker, Miss. Florence",female,24.2310668302154,0,0,71797,7.0818,,C
722,1,1,"Hill, Mr. Charles",male,53.756086981806774,0,0,53937,55.9534,,Q
723,0,1,"Clark, Mr. Henry",male,21.34823349985741,1,0,69643,69.87,B13,C
724,0,3,"Moore, Mr. Thomas",male,23.0545122942417,0,1,92054,3.4447,,C
725,1,3,"Nelson, Mrs. Emily",female,26.716585238547427,1,0,96538,15.2795,,S
726,1,3,"Hill, Miss. Kate",female,35.195343862194555,0,3,70051,16.5767,,Q
727,1,1,"Wilson, Mrs. Florence",female,33.399341339514216,1,0,77902,76.4259,C129,S
728,0,3,"Taylor, Mr. Charles",male,31.990855825705662,0,0,87903,12.548,,C
729,1,1,"Nelson, Mrs. Kate",female,30.382403970401306,0,0,86990,73.2451,C83,S
730,0,1,"Anderson, Mr. John",male,35.72089931498788,0,0,85204,72.8882,F76,S
731,1,1,"Moore, Mr. John",male,38.572868455540096,0,0,78951,160.34,C148,S
732,1,3,"Smith, Mr. George",male,37.01958190250272,1,1,85768,1.9829,,S
733,1,3,"Jones, Miss. Anna",female,41.72145433029318,0,2,39039,1.7653,,S
734,0,3,"Davis, Mr. James",male,33.526589227573425,0,3,35568,7.1827,,S
735,1,2,"Williams, Miss. Margaret",female,9.88504814380125,1,0,47459,35.2249,,C
736,1,3,"Taylor, Mr. Thomas",male,29.555675780631585,0,1,17669,18.6382,,S
737,0,2,"Nelson, Mr. Frank",male,23.875379526367578,0,0,99749,44.8183,,S
738,0,3,"Miller, Mr. Frank",male,23.43927647735656,0,0,93816,7.0354,,C
739,1,2,"Smith, Mr. James",male,47.23535641804847,0,1,94985,7.2483,,S
740,1,2,"Brown, Miss. Elizabeth",female,13.266873608404751,0,0,45516,29.6504,,S
741,1,3,"Williams, Mr. Frank",male,44.377345488518216,0,0,72484,9.3974,,S
742,1,2,"Baker, Mrs. Mary",female,22.413208757501938,4,0,98612,12.2701,,S
743,1,3,"Moore, Mrs. Mary",female,40.90518530914094,0,0,78197,6.5786,,Q
744,1,3,"Smith, Miss. Margaret",female,8.118219886029543,0,0,33333,11.0624,,Q
745,1,1,"Taylor, Mr. James",male,21.46862058567617,0,0,98295,125.0329,C25,S
746,0,3,"Nelson, Mr. George",male,16.158758368628536,2,3,65611,26.95,,S
747,0,2,"Taylor, Mr. John",male,,1,0,57941,4.6317,,S
748,1,3,"Clark, Mrs. Alice",female,27.622408508931347,0,0,48875,20.5649,,S
749,0,3,"Hill, Mrs. Kate",female,37.11366146315163,1,0,22698,3.8447,,S
750,0,3,"Anderson, Mr. John",male,14.860702736878043,0,0,71826,5.0902,,S
751,1,1,"Davis, Miss. Florence",female,47.42005730353548,0,0,41408,26.7458,C48,S
752,1,3,"Nelson, Mr. Charles",male,23.89786282798054,0,0,98421,8.6483,,S
753,1,3,"Jones, Mr. Frank",male,23.950776054673828,0,1,88845,8.8468,,S
754,1,2,"Davis, Mr. Henry",male,32.47551056902575,0,2,25133,46.9137,,S
755,1,1,"Anderson, Miss. Elizabeth",female,39.425988133667815,2,1,83746,52.061,B134,Q
756,0,3,"Taylor, Mr. John",male,24.28701782473007,0,1,46126,8.134,,S
757,1,3,"Wilson, Miss. Alice",female,47.266039777531155,2,0,43043,10.6821,,C
758,1,3,"Nelson, Miss. Alice",female,27.690816934423502,0,1,14078,11.9065,,C
759,1,3,"Miller, Miss. Elizabeth",female,20.842881927917205,0,0,63906,5.2809,,S
760,0,3,"Johnson, Mr. Henry",male,5.661191690766067,0,0,21137,29.6082,,S
761,0,1,"Moore, Mr. Thomas",male,40.426783301185715,0,0,39350,56.8886,B106,S
762,0,2,"Smith, Mr. Charles",male,,0,0,14698,29.0567,,S
763,0,2,"Davis, Mr. John",male,35.80934251043507,0,0,43132,8.5526,,S
764,0,3,"Williams, Mr. Frank",male,30.549803488802247,0,2,20165,5.3472,,C
765,1,1,"Nelson, Mrs. Alice",female,15.587344301328784,0,0,10794,73.0552,E33,Q
766,0,3,"Smith, Mr. John",male,,1,0,23646,1.7105,,S
767,0,3,"Williams, Mr. John",male,33.05837406074864,0,0,98715,13.9169,,Q
768,0,3,"Anderson, Mr. Thomas",male,,0,0,15870,9.165,,S
769,0,2,"Baker, Mr. Henry",male,,0,0,40736,26.3857,,C
770,1,3,"Johnson, Mr. William",male,,2,0,68084,2.8093,,S
771,1,1,"Jones, Mr. Henry",male,38.29241083614347,1,0,26211,286.5961,,S
772,1,3,"Wilson, Mrs. Margaret",female,29.659744065081394,0,0,96665,13.2416,,S
773,0,1,"Baker, Mr. Henry",male,20.357693287583878,0,1,69538,62.4247,,C
774,0,2,"Baker, Mrs. Elizabeth",female,45.067962844426674,0,0,17377,1.9277,,S
775,1,3,"Wilson, Mrs. Margaret",female,20.806728073396528,4,0,18861,6.8897,,S
776,0,1,"Clark, Mr. Thomas",male,33.55198864541272,0,0,27821,62.1742,,C
777,1,1,"Johnson, Miss. Emily",female,55.94301313005276,0,0,88488,46.9651,E60,Q
778,0,3,"Baker, Mr. Frank",male,39.76266610780945,0,1,84583,13.0621,,S
779,1,3,"Davis, Miss. Elizabeth",female,17.836308559347113,0,0,36953,9.9374,,C
780,0,3,"Baker, Mr. Frank",male,0.42,3,0,46801,13.65,,S
781,1,3,"Wilson, Miss. Anna",female,20.05335105970636,0,1,28277,5.7606,,S
782,1,3,"Johnson, Miss. Anna",female,35.96168478420888,0,0,99439,7.3014,,S
783,1,2,"Johnson, Mrs. Emily",female,18.861962780251694,0,0,93762,19.203,,S
784,1,2,"Johnson, Mrs. Florence",female,22.777891866670736,1,0,32628,27.6404,,S
785,0,1,"Anderson, Mr. Frank",male,26.647994843055265,1,2,92246,116.0196,C13,S
786,0,3,"Anderson, Mr. Charles",male,9.651631165362563,0,1,37802,0.8545,,S
787,0,3,"Johnson, Mr. Henry",male,31.18353185949361,0,0,73497,10.741,,S
788,1,2,"Moore, Mr. Charles",male,34.12689239625227,1,0,94320,12.6833,,S
789,1,3,"Hill, Miss. Elizabeth",female,51.20916080056547,0,0,79814,33.0553,,S
790,0,3,"Anderson, Mr. John",male,31.84608650025419,0,3,63702,8.4965,,S
791,1,1,"Moore, Miss. Kate",female,33.52213467443219,0,2,38677,50.6391,C113,S
792,0,3,"Williams, Mr. Charles",male,17.66337703133646,4,0,17500,4.7546,,C
793,1,3,"Clark, Miss. Margaret",female,23.88466952063694,0,1,14015,18.2103,,S
794,0,3,"Davis, Mr. William",male,22.125976935739004,1,0,97372,19.2008,,S
795,1,1,"Wilson, Mrs. Alice",female,15.49274562034718,1,0,68812,44.4607,,S
796,0,3,"Taylor, Miss. Anna",female,27.236994036928557,0,0,17826,29.0539,,S
797,0,3,"Taylor, Mr. Frank",male,16.220419133097664,0,0,19201,3.2121,,S
798,0,3,"Anderson, Mr. James",male,47.68528822186939,0,2,39048,13.2993,,Q
799,0,3,"Clark, Mrs. Alice",female,25.591699978242673,0,0,29941,4.3507,,S
800,0,3,"Taylor, Mr. George",male,34.22607611162676,0,0,90641,3.3459,,S
801,1,3,"Baker, Mr. Thomas",male,17.70128191066289,0,2,68418,8.1406,,S
802,0,1,"Davis, Mr. John",male,57.219878645471425,1,2,75689,58.6763,A103,C
803,0,3,"Brown, Mr. Thomas",male,28.733319893718342,3,0,51541,7.7,,S
804,0,3,"Moore, Mr. Frank",male,2.3242084948461645,0,0,59939,2.5216,,S
805,1,2,"Williams, Mr. Charles",male,37.18952111608066,0,0,80422,30.0344,,S
806,1,3,"Baker, Mr. George",male,40.48773353107057,0,0,33950,8.2339,,C
807,0,3,"Hill, Mr. George",male,20.23365620624815,1,2,77803,3.4707,,S
808,1,3,"Williams, Mrs. Elizabeth",female,11.772763114529734,1,2,30642,21.6925,,S
809,0,3,"Moore, Mr. Henry",male,29.170739365642625,0,0,76506,27.3233,,Q
810,1,1,"Smith, Miss. Anna",female,,0,0,51607,98.4468,,Q
811,1,3,"Davis, Mr. John",male,,1,0,41288,0.4193,,S
812,0,3,"Smith, Mr. Henry",male,27.298928754329076,0,2,92865,8.3084,,Q
813,0,1,"Williams, Mr. Charles",male,40.655886346545536,0,0,24450,48.9566,C124,S
814,1,3,"Nelson, Mr. John",male,42.367668392701674,0,0,15618,8.4568,,S
815,1,3,"Johnson, Mr. Frank",male,31.817238461543752,0,0,44263,7.6477,,S
816,0,3,"Miller, Mr. Frank",male,,0,0,77583,13.4697,,S
817,0,3,"Nelson, Mr. Frank",male,41.35075423254942,1,0,84900,33.3211,,S
818,1,2,"Wilson, Mr. Charles",male,6.366270069966987,1,0,38794,21.8878,E142,S
819,1,1,"Miller, Mrs. Kate",female,63.260873537014405,0,2,23091,85.5858,F80,C
820,0,2,"Hill, Mr. John",male,,2,2,78422,18.6834,E111,C
821,0,3,"Wilson, Mr. Frank",male,27.9145841578033,0,1,97108,11.6692,,S
822,1,1,"Hill, Mrs. Alice",female,19.89417858980371,1,0,25161,39.2635,D29,S
823,0,2,"Davis, Mr. Henry",male,46.63304411155076,0,0,14158,30.8448,E2,S
824,0,2,"Clark, Mr. Henry",male,43.542420632765065,1,0,37663,21.6713,,S
825,1,3,"Hill, Miss. Margaret",female,48.08134953789944,1,0,95381,4.0931,,S
826,1,3,"Miller, Mr. Henry",male,15.704620359777017,0,2,16733,15.5036,,S
827,1,2,"Johnson, Miss. Florence",female,37.53814470883672,2,0,42001,15.3527,F4,S
828,1,2,"Anderson, Mrs. Margaret",female,20.810396616164464,1,0,49128,20.5784,,S
829,0,3,"Jones, Mr. Henry",male,1.2941467453943503,1,2,59630,10.7895,,C
830,1,3,"Wilson, Mr. James",male,,0,2,19329,17.1194,,C
831,1,1,"Miller, Mr. William",male,50.35266287252773,1,0,63105,34.3173,,S
832,1,3,"Smith, Mr. John",male,25.341490974197907,1,0,73436,14.2305,,S
833,1,1,"Anderson, Mr. William",male,,0,0,79579,22.5484,,S
834,1,1,"Clark, Mrs. Florence",female,41.72229521512868,2,0,24242,119.2103,B86,S
835,0,3,"Brown, Mr. Frank",male,44.72053786965441,0,0,37133,8.4632,,S
836,1,2,"Nelson, Mr. William",male,35.857844367213005,0,0,34740,22.8467,,S
837,0,3,"Clark, Miss. Emily",female,14.638076740420793,0,2,40976,6.4455,,S
838,1,2,"Davis, Miss. Alice",female,14.89681002913927,0,0,50067,30.1179,,S
839,0,3,"Wilson, Mr. James",male,25.21620246453336,0,0,21231,4.1232,,S
840,0,3,"Clark, Mr. Charles",male,30.67156415012087,0,0,76105,12.6947,,S
841,0,1,"Williams, Mr. Charles",male,48.418687600999114,3,0,13328,79.4045,F89,S
842,0,3,"Hill, Mr. Charles",male,32.11080728616797,0,1,35261,12.9743,,Q
843,1,1,"Taylor, Mr. John",male,28.908777463500037,0,0,35262,98.278,D50,C
844,0,3,"Jones, Mr. Frank",male,17.441385371634276,0,0,13280,7.1282,,S
845,1,1,"Taylor, Miss. Anna",female,57.87444206319092,0,0,94683,78.1643,,S
846,0,2,"Davis, Mr. Thomas",male,,2,1,41742,11.4165,,C
847,0,1,"Moore, Mr. James",male,11.868440680951373,0,0,13590,72.1808,E83,S
848,0,3,"Anderson, Mr. James",male,8.13324335372456,1,1,60226,10.9105,,C
849,0,3,"Davis, Mr. George",male,13.180082490195819,0,0,97542,10.1561,,S
850,1,3,"Nelson, Mrs. Alice",female,27.384160114568882,0,0,23570,2.4897,,Q
851,1,1,"Wilson, Miss. Anna",female,,0,0,99443,206.8156,,C
852,1,3,"Moore, Miss. Mary",female,18.05051068437104,0,2,19533,11.1951,,S
853,0,1,"Miller, Mr. Henry",male,21.04359299006906,0,2,92283,160.1985,,S
854,0,3,"Johnson, Mr. John",male,33.35401596591147,1,0,23366,10.8276,,S
855,0,1,"Moore, Mr. George",male,,0,0,86368,64.7049,E35,S
856,1,1,"Anderson, Mr. Henry",male,24.644848128446974,1,0,38325,38.1082,D7,S
857,0,1,"Nelson, Mr. William",male,,0,0,44798,29.8472,,S
858,1,3,"Smith, Miss. Florence",female,7.9158083573929225,0,0,49453,5.4053,,S
859,0,3,"Wilson, Mr. John",male,2.777887221104095,0,2,32849,3.2218,,S
860,1,1,"Wilson, Mr. William",male,46.18178172661478,0,2,65943,124.7647,,C
861,0,3,"Johnson, Mr. Charles",male,,1,0,16157,11.4019,,S
862,0,3,"Brown, Mr. Charles",male,21.181149667088558,0,0,40178,28.8769,,S
863,0,3,"Miller, Mr. George",male,15.62612346242663,0,2,92537,6.6971,,S
864,1,2,"Baker, Miss. Mary",female,42.37014701746256,3,1,39030,33.4721,,S
865,1,2,"Taylor, Mrs. Florence",female,16.724888051716096,0,0,61134,14.0542,,S
866,1,3,"Brown, Mrs. Mary",female,34.62554150341743,0,0,75729,18.4879,,Q
867,1,1,"Jones, Mr. Charles",male,35.35231452912153,0,0,18164,78.7842,B20,S
868,0,1,"Davis, Mr. James",male,50.90310156694243,0,0,96378,75.357,E72,S
869,0,3,"Baker, Mr. James",male,11.18615516136557,1,0,11119,5.3373,,S
870,0,3,"Miller, Mr. William",male,0.42,1,0,23351,8.9449,,S
871,0,2,"Nelson, Mrs. Kate",female,22.1633314748085,3,0,66063,35.9492,,C
872,0,2,"Jones, Mr. John",male,35.61941835824402,0,0,82076,29.9864,,S
873,0,3,"Smith, Mr. Charles",male,,0,0,55162,7.9331,,S
874,0,2,"Brown, Mr. James",male,20.80086336731366,1,0,41760,45.3168,,S
875,0,1,"Baker, Mr. William",male,50.41642346136221,0,1,59678,10.6401,B80,Q
876,1,1,"Moore, Mrs. Elizabeth",female,32.109334888465256,0,1,99074,117.645,D139,S
877,1,3,"Miller, Mr. Frank",male,27.45710658882141,0,0,57628,6.8348,,C
878,0,3,"Smith, Mr. Frank",male,34.19053935376738,0,0,50739,10.2847,,S
879,0,1,"Moore, Mr. George",male,44.11433972426913,0,3,39738,86.2013,,S
880,1,1,"Hill, Mr. Henry",male,43.66012656946377,1,0,56921,71.209,,S
881,1,1,"Jones, Mrs. Elizabeth",female,55.30095068551016,1,0,71068,83.4558,C79,S
882,1,3,"Clark, Miss. Mary",female,20.018796532439566,0,0,33581,8.8214,,S
883,1,1,"Williams, Miss. Margaret",female,,0,0,31485,153.3983,,S
884,1,1,"Hill, Mrs. Margaret",female,54.69510517469165,0,0,46294,64.4125,B42,S
885,1,3,"Taylor, Mr. George",male,23.7478864841573,1,2,63001,2.561,,C
886,1,1,"Anderson, Mrs. Alice",female,,0,0,11634,118.8789,B51,S
887,1,3,"Davis, Mr. Frank",male,16.143314996063303,1,0,53969,7.3707,,S
888,1,1,"Miller, Mr. Frank",male,36.85868257657696,0,2,10093,87.6928,D94,S
889,1,1,"Miller, Mrs. Kate",female,42.86747076953671,0,0,38370,92.2252,,S
890,0,2,"Anderson, Mr. William",male,24.031825967153107,0,0,29750,16.8963,D123,S
891,0,3,"Taylor, Mrs. Margaret",female,12.76365616349372,1,0,26472,2.4123,,S
